username,created_utc,link_karma,comment_karma,total_karma,is_gold,is_mod,has_verified_email
chrisdh79,2019-01-13 02:33:44,17386301,673408,18059709,True,True,True
MarvelsGrantMan136,2020-06-24 20:32:10,19373964,2728546,22102510,True,True,True
mvea,2006-05-24 08:17:37,33181952,494488,33676440,True,True,True
DryMouthKitty,2022-09-05 21:42:28,165677,27028,192705,False,True,True
MetaKnowing,2020-11-08 05:21:03,1890278,64293,1954571,True,False,True
tyrion2024,2022-06-13 10:25:07,2399966,615696,3015662,False,False,True
dapperlemon,2012-09-22 01:26:52,259110,8593,267703,False,False,True
AutoModerator,2012-01-05 10:54:28,1000,1000,2000,True,True,True
sweetfellas,2022-10-21 20:37:06,66481,351,66832,False,False,True
Gari_305,2020-04-09 00:11:28,1584262,54688,1638950,False,True,True
ControlCAD,2016-03-14 13:01:07,4209495,142066,4351561,False,True,True
NoCulture3505,2023-02-07 02:31:20,393155,166376,559531,False,False,True
nohup_me,2025-03-07 20:57:54,320321,28181,348502,False,False,True
AdSpecialist6598,2021-05-26 03:15:08,4778500,63009,4841509,False,False,True
jackytheblade,2018-10-01 10:16:19,394447,36085,430532,False,False,True
ubcstaffer123,2023-08-30 07:34:43,990946,52099,1043045,False,False,True
ahothabeth,2009-09-16 03:30:09,291849,134024,425873,False,True,True
diacewrb,2017-03-13 15:43:16,1561860,241924,1803784,False,False,False
Altruistic-Issue-887,2022-07-19 23:49:29,175362,5848,181210,False,True,True
Forward-Answer-4407,2023-05-01 23:50:59,1702972,34034,1737006,False,False,True
ChiefLeef22,2020-07-25 21:19:40,1099365,317550,1416915,False,True,True
newsweek,2018-02-08 22:56:50,2038001,154696,2192697,False,False,True
TearRepresentative56,2021-06-26 05:50:24,160708,16157,176865,False,True,True
BunyipPouch,2012-12-31 03:16:37,15268303,3748823,19017126,False,True,True
Super_Presentation14,2025-09-11 14:40:24,2231,671,2902,False,False,True
KaosKittyMaw,2025-09-19 01:23:25,14880,2808,17688,False,False,True
esporx,2014-11-21 05:09:10,2923116,5785,2928901,False,False,True
gamersecret2,2018-04-18 21:15:28,21986,20710,42696,False,True,True
rezwenn,2025-04-17 22:57:43,1409926,12481,1422407,False,False,True
tylerthe-theatre,2020-11-21 04:59:18,841442,67550,908992,False,True,False
guanaco55,2014-08-20 03:17:40,4027455,28502,4055957,False,True,True
0khalek0,2020-08-14 12:46:19,21690,611,22301,False,False,True
Choice_Evidence1983,2023-04-11 01:54:04,2779475,31184,2810659,False,True,True
LetsGoBrandon4256,2021-11-28 23:36:42,64840,54147,118987,False,False,True
Heberto01243,2020-08-20 11:52:16,8673,28,8701,False,False,True
shiruken,2010-08-31 00:34:57,731421,341924,1073345,True,True,True
SilentEchoes247,2025-09-10 00:49:45,50766,6,50772,False,True,True
KillerCroc1234567,2022-11-27 00:03:56,794805,2895,797700,False,False,True
Sasha_Lietova,2022-08-28 20:58:39,10108,538,10646,False,False,True
yummsushii,2018-07-22 03:09:55,1944,593,2537,False,False,False
scientificamerican,2023-02-11 02:18:59,168707,8973,177680,False,False,True
callsonreddit,2025-03-09 05:36:56,290575,39652,330227,False,True,True
calliope_kekule,2015-05-11 13:22:10,165490,485,165975,False,False,True
lurker_bee,2013-06-30 11:02:46,2273539,53483,2327022,False,True,True
RodzCNS,2023-09-14 11:38:39,78799,3206,82005,False,False,True
TECL_Grimsdottir,2023-10-23 03:59:06,157008,128065,285073,False,True,True
JimKB,2009-06-18 16:39:04,4653356,364636,5017992,False,True,True
Fleedom2025,2025-04-06 02:54:41,8042,237,8279,False,False,True
bwermer,2015-10-30 11:13:16,103588,28889,132477,False,False,True
Morganbanefort,2020-01-27 07:21:11,277060,124004,401064,False,True,True
sciencealert,2013-01-29 09:59:34,164145,9928,174073,False,True,True
DifferentRice2453,2024-06-01 18:38:21,13734,415,14149,False,False,True
zahirr99w,2024-09-30 04:15:39,3846,1891,5737,False,False,True
MOinthepast,2022-12-05 18:31:04,31841,11830,43671,False,False,True
lughnasadh,2009-11-06 03:33:28,1724247,219714,1943961,False,True,True
LorenzoApophis,2018-10-04 08:25:24,50543,125418,175961,False,False,True
Fitz_cuniculus,2019-07-05 16:03:30,231295,25604,256899,False,True,True
-Mystica-,2025-01-11 02:33:11,422746,22600,445346,True,True,True
XRPcook,2022-02-22 01:04:28,376605,23906,400511,False,True,True
NicholasCajun,2012-11-28 09:51:11,284279,231555,515834,False,True,True
TheRealOcsiban,2016-10-11 00:54:31,624899,283685,908584,False,True,True
sinkioera,2025-09-03 05:41:57,2460,815,3275,False,False,False
sugarhai,2014-02-12 00:22:42,18189,1358,19547,False,True,True
zsreport,2013-03-09 20:40:19,9410597,1286061,10696658,True,True,True
AgingUS,2022-07-26 22:55:24,2183,0,2183,False,False,True
stardust-1988,2025-09-26 04:49:17,117,2,119,False,False,True
LookAtThatBacon,2012-09-05 06:37:26,449422,127005,576427,False,True,True
preguntontas,2021-08-31 18:41:03,11266,11464,22730,False,True,True
Infidel8,2014-10-05 19:49:56,799410,839283,1638693,False,False,True
DollVexx,2025-10-02 16:28:24,4974,5,4979,False,False,False
indig0sixalpha,2014-08-10 20:14:17,4023796,87044,4110840,False,False,True
Sariel007,2010-05-11 18:13:07,16166143,895576,17061719,True,True,True
BreakfastTop6899,2021-07-06 09:43:22,2134403,17391,2151794,False,False,True
Maleficent_Fault_943,2025-01-12 21:25:26,17654,388,18042,False,False,True
waozen,2021-12-28 11:03:52,186166,1356,187522,False,True,True
IndexBot,2016-10-13 11:43:08,11504,32,11536,False,True,True
SapphireSalamander,2016-07-22 10:22:34,119507,313049,432556,False,False,True
pppppppppppppppppd,2023-07-03 00:32:29,213694,45739,259433,False,True,True
SadAd8761,2025-08-21 10:48:07,27618,6741,34359,False,False,True
Mundane_Moron,2025-05-12 12:29:38,10385,1539,11924,False,False,True
that_doodleguy,2020-02-22 13:19:51,487569,3754,491323,False,True,True
Ok-Drummer1388,2025-05-15 22:33:03,410,24,434,False,False,True
Aggravating_Money992,2023-06-13 23:06:22,2382691,168840,2551531,False,False,True
Minifig81,2011-01-03 22:45:15,1789595,440509,2230104,True,True,True
No1PDPStanAccount,2019-08-03 02:43:10,1601817,32375,1634192,False,True,True
Disastrous_Award_789,2020-12-11 00:59:42,159774,2569,162343,False,False,True
__kLO,2024-08-25 23:57:17,1306,634,1940,False,False,True
p--py,2020-03-24 01:39:05,56840,28344,85184,False,False,True
Gamma05772156649,2022-08-21 02:03:26,7648,1133,8781,False,False,True
Techno-Scientist,2024-08-29 11:07:28,1893,51,1944,False,False,True
Anti-Owl,2023-09-25 17:56:49,194041,13233,207274,False,True,True
vriska1,2016-03-17 22:07:07,488196,334382,822578,False,False,True
CummingInTheNile,2021-09-28 10:38:26,278498,1315168,1593666,False,False,True
nodubby,2021-05-27 13:57:32,6491,490,6981,False,False,True
Ok_Entertainer2251,2025-02-22 18:59:22,1072,862,1934,False,False,True
Fancy_Middle5650,2023-08-03 19:35:49,205,11,216,False,False,True
Von_Sauerkraut,2023-03-07 07:33:02,698,32,730,False,False,True
CaptainGK_,2020-03-26 14:29:28,1081,704,1785,False,False,True
thebelsnickle1991,2020-03-22 15:45:12,4521346,314224,4835570,True,True,True
Beginning-Willow-801,2025-03-14 05:13:03,10973,545,11518,True,True,True
